63,045801,0458,ANGONO
64,063003,0630,ANILAO
65,060601,0606,ANINI-Y
66,071204,0712,ANTEQUERA
67,0124715,01247,ANTIPAS
68,035402,0354,APALIT
69,021505,0215,APARRI
70,0175303,01753,ARACELI
71,0124718,01247,ARAKAN
72,035403,0354,ARAYAT
73,072205,0722,ARGAO
74,013302,0133,ARINGAY
75,025002,0250,ARITAO
76,054101,0541,AROROY
77,082601,0826,ARTECHE
78,015506,0155,ASINGAN
79,0142711,01427,ASIPULO
80,072206,0722,ASTURIAS
81,0112301,01123,ASUNCION (SAUG)
82,045603,0456,ATIMONAN
83,0141101,01411,ATOK
84,023103,0231,AURORA
85,097302,0973,AURORA
86,0184602,01846,AYUNGON
87,051701,0517,BAAO
88,083705,0837,BABATNGON
89,050501,0505,BACACAY
90,012802,0128,BACARRA
91,071205,0712,BACLAYON
92,013303,0133,BACNOTAN
93,0175201,01752,BACO
95,0103501,01035,BACOLOD
96,0184501,01845,BACOLOD CITY (Capital)
97,0153601,01536,BACOLOD-KALAWI (BACOLOD GRANDE)
98,035404,0354,BACOLOR
99,0184603,01846,BACONG
100,042103,0421,BACOOR CITY
101,0166702,01667,BACUAG
102,097226,0972,BACUNGAN (Leon T. Postigo)
103,072207,0722,BADIAN
104,063004,0630,BADIANGAN
105,012803,0128,BADOC
106,025003,0250,BAGABAG
107,030802,0308,BAGAC
108,052001,0520,BAGAMANOC
109,0112501,01125,BAGANGA
110,021506,0215,BAGGAO
111,0184502,01845,BAGO CITY
112,0141102,01411,BAGUIO CITY
113,013304,0133,BAGULIN
114,0126501,01265,BAGUMBAYAN
115,0184604,01846,BAIS CITY
116,0141103,01411,BAKUN
117,0175304,01753,BALABAC
118,0153602,01536,BALABAGAN
119,031402,0314,BALAGTAS (BIGAA)
120,072208,0722,BALAMBAN
121,082602,0826,BALANGIGA
122,082603,0826,BALANGKAYAN
123,013305,0133,BALAOAN
124,063005,0630,BALASAN
125,051702,0517,BALATAN
126,041003,0410,BALAYAN
127,0143201,01432,BALBALAN
128,054102,0541,BALENO
129,037701,0377,BALER (Capital)
130,041004,0410,BALETE
131,060402,0604,BALETE
132,0104202,01042,BALIANGAO
133,097224,0972,BALIGUIAN
134,071206,0712,BALILIHAN
135,0153603,01536,BALINDONG (WATU)
136,0104302,01043,BALINGASAG
137,0104303,01043,BALINGOAN
138,031403,0314,BALIUAG
139,021507,0215,BALLESTEROS
140,0103502,01035,BALOI
141,054103,0541,BALUD
142,015507,0155,BALUNGAO
143,036902,0369,BAMBAN
144,025004,0250,BAMBANG
145,063006,0630,BANATE
146,0142701,01427,BANAUE
147,0112502,01125,BANAYBANAY
148,012902,0129,BANAYOYO
149,060403,0604,BANGA
150,0126302,01263,BANGA
151,013306,0133,BANGAR
152,0140101,01401,BANGUED (Capital)
154,015508,0155,BANI
155,0124716,01247,BANISILAN
156,012811,0128,BANNA (ESPIRITU)
157,0112401,01124,BANSALAN
158,0175202,01752,BANSUD
160,012903,0129,BANTAY
161,072209,0722,BANTAYAN
162,0175902,01759,BANTON
163,045803,0458,BARAS
164,052002,0520,BARAS
165,060602,0606,BARBAZA
166,056202,0562,BARCELONA
167,072210,0722,BARILI
168,0153818,01538,BARIRA
169,0144401,01444,BARLIG
170,0166801,01668,BAROBO
171,063007,0630,BAROTAC NUEVO
172,063008,0630,BAROTAC VIEJO
173,0103503,01035,BAROY
174,083706,0837,BARUGO
175,0184605,01846,BASAY
176,020901,0209,BASCO (Capital)
177,086002,0860,BASEY
178,0168501,01685,BASILISA (RIZAL)
179,015509,0155,BASISTA
180,051601,0516,BASUD
181,063009,0630,BATAD
182,060404,0604,BATAN
183,041005,0410,BATANGAS CITY (Capital)
184,0175305,01753,BATARAZA
185,051703,0517,BATO
186,052003,0520,BATO
187,083707,0837,BATO
188,054104,0541,BATUAN
189,071207,0712,BATUAN
190,041006,0410,BAUAN
191,013307,0133,BAUANG
192,0144402,01444,BAUKO
193,0101301,01013,BAUNGON
194,015510,0155,BAUTISTA
195,043402,0434,BAY
196,0166802,01668,BAYABAS
197,015511,0155,BAYAMBANG
198,0153604,01536,BAYANG
199,097303,0973,BAYOG
200,025005,0250,BAYOMBONG (Capital)
201,060603,0606,BELISON
202,023104,0231,BENITO SOLIVEN
203,0144403,01444,BESAO
204,071248,0712,BIEN UNIDO
205,071208,0712,BILAR
206,087802,0878,BILIRAN
207,0184503,01845,BINALBAGAN
153,012804,0128,BANGUI
208,015512,0155,BINALONAN
209,045804,0458,BINANGONAN
210,0184607,01846,BINDOY (PAYABON)
211,063010,0630,BINGAWAN
213,015513,0155,BINMALEY
214,0133902,01339,BINONDO
215,0104304,01043,BINUANGAN
216,084802,0848,BIRI
217,0174001,01740,BOAC (Capital)
218,084803,0848,BOBON
219,031404,0314,BOCAUE
220,0141104,01411,BOKOD
221,015514,0155,BOLINAO
222,0140102,01401,BOLINEY
223,072212,0722,BOLJOON
224,051704,0517,BOMBON
225,034902,0349,BONGABON
226,0175203,01752,BONGABONG
228,0157002,01570,BONGAO (Capital)
229,0104203,01042,BONIFACIO
230,086402,0864,BONTOC
231,0144404,01444,BONTOC (Capital)
232,072213,0722,BORBON
233,0112503,01125,BOSTON
234,037101,0371,BOTOLAN
235,0112323,01123,BRAULIO E. DUJALI
236,0175306,01753,BROOKE'S POINT
237,0153633,01536,BUADIPOSO-BUNTONG
238,0153606,01536,BUBONG
239,0140103,01401,BUCAY
240,0140104,01401,BUCLOC
241,045605,0456,BUENAVISTA
242,067901,0679,BUENAVISTA
243,071209,0712,BUENAVISTA
244,0160201,01602,BUENAVISTA
245,0174002,01740,BUENAVISTA
246,015515,0155,BUGALLON
247,060604,0606,BUGASONG
248,021508,0215,BUGUEY
249,0141105,01411,BUGUIAS
250,051705,0517,BUHI
251,051706,0517,BULA
252,031405,0314,BULACAN
253,0175204,01752,BULALACAO (SAN PEDRO)
254,056203,0562,BULAN
255,0153802,01538,BULDON
256,0153803,01538,BULUAN
257,056204,0562,BULUSAN
258,0153637,01536,BUMBARAN
259,0160302,01603,BUNAWAN
260,083710,0837,BURAUEN
261,045606,0456,BURDEOS
262,012806,0128,BURGOS
263,012904,0129,BURGOS
264,013308,0133,BURGOS
265,015516,0155,BURGOS
266,023105,0231,BURGOS
267,0166704,01667,BURGOS
268,060405,0604,BURUANGA
269,031406,0314,BUSTOS
270,0175307,01753,BUSUANGA
271,0153607,01536,BUTIG
272,0160202,01602,BUTUAN CITY (Capital)
273,098302,0983,BUUG
274,013309,0133,CABA
275,023106,0231,CABAGAN
276,034903,0349,CABANATUAN CITY
277,037102,0371,CABANGAN
278,0101322,01013,CABANGLASAN
279,025702,0257,CABARROGUIS (Capital)
280,023107,0231,CABATUAN
281,063012,0630,CABATUAN
282,034904,0349,CABIAO
283,087803,0878,CABUCGAYAN
284,012905,0129,CABUGAO
285,051707,0517,CABUSAO
286,043404,0434,CABUYAO CITY
287,0184504,01845,CADIZ CITY
288,0104305,01043,CAGAYAN DE ORO CITY (Capital)
289,0175308,01753,CAGAYANCILLO
290,0168502,01685,CAGDIANAO
291,0166804,01668,CAGWAIT
292,087804,0878,CAIBIRAN
293,045805,0458,CAINTA
294,0175903,01759,CAJIDIOCAN
295,051708,0517,CALABANGA
296,041007,0410,CALACA
297,0104204,01042,CALAMBA
298,0148101,01481,CALANASAN (BAYAG)
299,0153632,01536,CALANOGAS
300,071210,0712,CALAPE
301,015517,0155,CALASIAO
302,041008,0410,CALATAGAN
303,0175904,01759,CALATRAVA
304,0184505,01845,CALATRAVA
305,045607,0456,CALAUAG
306,043406,0434,CALAUAN
307,021509,0215,CALAYAN
308,086003,0860,CALBAYOG CITY
309,086004,0860,CALBIGA
310,063013,0630,CALINOG
311,0175102,01751,CALINTAAN
312,0137501,01375,CALOOCAN CITY
313,083713,0837,CALUBIAN
314,031407,0314,CALUMPIT
315,060605,0606,CALUYA
316,021510,0215,CAMALANIUGAN
317,050502,0505,CAMALIG
318,051709,0517,CAMALIGAN
319,036903,0369,CAMILING
320,082605,0826,CAN-AVID
321,051710,0517,CANAMAN
322,035405,0354,CANDABA
323,037103,0371,CANDELARIA
324,045608,0456,CANDELARIA
325,071211,0712,CANDIJAY
326,0184506,01845,CANDONI
327,0184608,01846,CANLAON CITY
328,0166805,01668,CANTILAN
329,012907,0129,CAOAYAN
330,051602,0516,CAPALONGA
331,036904,0369,CAPAS
332,083714,0837,CAPOOCAN
333,084804,0848,CAPUL
334,0112504,01125,CARAGA
335,051711,0517,CARAMOAN
336,052004,0520,CARAMORAN
337,012807,0128,CARASI
338,045806,0458,CARDONA
339,083715,0837,CARIGARA
340,063014,0630,CARLES
341,071212,0712,CARMEN
342,072215,0722,CARMEN
343,0112303,01123,CARMEN
344,0124702,01247,CARMEN
345,0160204,01602,CARMEN
346,0166806,01668,CARMEN
347,042104,0421,CARMONA
348,034905,0349,CARRANGLAN
349,0166807,01668,CARRASCAL
350,037702,0377,CASIGURAN
351,056205,0562,CASIGURAN
352,056206,0562,CASTILLA
353,037104,0371,CASTILLEJOS
354,054105,0541,CATAINGAN
355,045610,0456,CATANAUAN
356,0101801,01018,CATARMAN
357,084805,0848,CATARMAN (Capital)
358,0112505,01125,CATEEL
359,071213,0712,CATIGBIAN
360,072216,0722,CATMON
361,084806,0848,CATUBIG
362,0184507,01845,CAUAYAN
363,043407,0434,CAVINTI
364,042105,0421,CAVITE CITY
365,054106,0541,CAWAYAN
366,072217,0722,CEBU CITY (Capital)
367,012908,0129,CERVANTES
368,015503,0155,CITY OF ALAMINOS
369,045802,0458,CITY OF ANTIPOLO
370,030803,0308,CITY OF BALANGA (Capital)
371,012805,0128,CITY OF BATAC
372,0184606,01846,CITY OF BAYAWAN (TULONG)
373,083708,0837,CITY OF BAYBAY
374,0160301,01603,CITY OF BAYUGAN
375,0166803,01668,CITY OF BISLIG
376,043403,0434,CITY OF BIÑAN
377,072211,0722,CITY OF BOGO
378,082604,0826,CITY OF BORONGAN (Capital)
379,0160203,01602,CITY OF CABADBARAN
380,043405,0434,CITY OF CALAMBA
381,0175205,01752,CITY OF CALAPAN (Capital)
382,012906,0129,CITY OF CANDON
383,072214,0722,CITY OF CARCAR
384,086005,0860,CITY OF CATBALOGAN (Capital)
385,023108,0231,CITY OF CAUAYAN
386,042106,0421,CITY OF DASMARIÑAS
387,0112403,01124,CITY OF DIGOS (Capital)
388,0104307,01043,CITY OF EL SALVADOR
389,0184509,01845,CITY OF ESCALANTE
390,034908,0349,CITY OF GAPAN
391,042108,0421,CITY OF GENERAL TRIAS
392,0184611,01846,CITY OF GUIHULNGAN
393,0184510,01845,CITY OF HIMAMAYLAN
394,099701,0997,CITY OF ISABELA
395,0184515,01845,CITY OF KABANKALAN
396,0124704,01247,CITY OF KIDAPAWAN (Capital)
398,0126306,01263,CITY OF KORONADAL (Capital)
399,0150702,01507,CITY OF LAMITAN
400,0137601,01376,CITY OF LAS PIÑAS
401,050508,0505,CITY OF LIGAO
402,086407,0864,CITY OF MAASIN (Capital)
403,0137602,01376,CITY OF MAKATI
404,0137502,01375,CITY OF MALABON
405,0101312,01013,CITY OF MALAYBALAY (Capital)
406,031410,0314,CITY OF MALOLOS (Capital)
407,0137401,01374,CITY OF MANDALUYONG
408,0137402,01374,CITY OF MARIKINA
409,054111,0541,CITY OF MASBATE (Capital)
410,0112509,01125,CITY OF MATI (Capital)
411,031412,0314,CITY OF MEYCAUAYAN
412,0137603,01376,CITY OF MUNTINLUPA
413,072234,0722,CITY OF NAGA
414,0137503,01375,CITY OF NAVOTAS
415,0112315,01123,CITY OF PANABO
416,0137604,01376,CITY OF PARAÑAQUE
417,0137403,01374,CITY OF PASIG
418,063035,0630,CITY OF PASSI
419,013314,0133,CITY OF SAN FERNANDO (Capital)
420,035416,0354,CITY OF SAN FERNANDO (Capital)
421,031420,0314,CITY OF SAN JOSE DEL MONTE
422,0137405,01374,CITY OF SAN JUAN
423,043425,0434,CITY OF SAN PEDRO
424,043428,0434,CITY OF SANTA ROSA
425,023135,0231,CITY OF SANTIAGO
426,0184527,01845,CITY OF SIPALAY
427,056216,0562,CITY OF SORSOGON (Capital)
428,050517,0505,CITY OF TABACO
429,0143213,01432,CITY OF TABUK (Capital)
430,0126511,01265,CITY OF TACURONG
431,0112319,01123,CITY OF TAGUM (Capital)
432,072250,0722,CITY OF TALISAY
433,0184528,01845,CITY OF TALISAY
434,041031,0410,CITY OF TANAUAN
435,0166819,01668,CITY OF TANDAG (Capital)
436,0184621,01846,CITY OF TANJAY
437,036916,0369,CITY OF TARLAC (Capital)
438,045647,0456,CITY OF TAYABAS
439,015546,0155,CITY OF URDANETA
440,0101321,01013,CITY OF VALENCIA
441,0137504,01375,CITY OF VALENZUELA
442,0184531,01845,CITY OF VICTORIAS
443,012934,0129,CITY OF VIGAN (Capital)
444,071214,0712,CLARIN
445,0104205,01042,CLARIN
446,0166706,01667,CLAVER
447,021511,0215,CLAVERIA
448,054107,0541,CLAVERIA
449,0104306,01043,CLAVERIA
450,0126502,01265,COLUMBIO
451,072218,0722,COMPOSTELA
452,0118201,01182,COMPOSTELA
453,036905,0369,CONCEPCION
454,063015,0630,CONCEPCION
455,0104206,01042,CONCEPCION
456,0175905,01759,CONCEPCION
457,0148102,01481,CONNER
458,072219,0722,CONSOLACION
459,0175906,01759,CORCUERA
460,023109,0231,CORDON
461,072220,0722,CORDOVA
462,071215,0712,CORELLA
463,0175309,01753,CORON
464,071216,0712,CORTES
465,0166808,01668,CORTES
466,0129804,01298,COTABATO CITY
467,061901,0619,CUARTERO
468,041009,0410,CUENCA
469,087805,0878,CULABA
470,060606,0606,CULASI
471,0175322,01753,CULION
472,012808,0128,CURRIMAO
473,034906,0349,CUYAPO
474,0175310,01753,CUYO
475,072221,0722,DAANBANTAYAN
476,051603,0516,DAET (Capital)
477,083717,0837,DAGAMI
478,071217,0712,DAGOHOY
479,0140105,01401,DAGUIOMAN
480,015518,0155,DAGUPAN CITY
481,072222,0722,DALAGUETE
482,0101302,01013,DAMULOG
483,071218,0712,DANAO
484,072223,0722,DANAO CITY
485,0101303,01013,DANGCAGAN
486,0140106,01401,DANGLAS
487,061902,0619,DAO
488,0166707,01667,DAPA
489,097201,0972,DAPITAN CITY
490,050503,0505,DARAGA (LOCSIN)
491,086006,0860,DARAM
492,015519,0155,DASOL
493,0153828,01538,DATU ABDULLAH SANGKI
494,0153831,01538,DATU ANGGAL MIDTIMBANG
495,0153830,01538,DATU BLAH T. SINSUAT
496,0153835,01538,DATU HOFFER AMPATUAN
497,0153807,01538,DATU ODIN SINSUAT (DINAIG)
498,0153805,01538,DATU PAGLAS
499,0153806,01538,DATU PIANG
500,0153836,01538,DATU SALIBO
501,0153826,01538,DATU SAUDI-AMPATUAN
502,0153827,01538,DATU UNSAY
503,0184609,01846,DAUIN
504,071219,0712,DAUIS
505,0112402,01124,DAVAO CITY
507,0166708,01667,DEL CARMEN
508,051712,0517,DEL GALLEGO
509,023118,0231,DELFIN ALBANO (MAGSAYSAY)
510,025006,0250,DIADI
511,025703,0257,DIFFUN
512,037703,0377,DILASAG
513,054108,0541,DIMASALANG
514,097305,0973,DIMATALING
515,071220,0712,DIMIAO
516,0168503,01685,DINAGAT
517,037704,0377,DINALUNGAN
518,030804,0308,DINALUPIHAN
519,023110,0231,DINAPIGUE
520,097306,0973,DINAS
521,037705,0377,DINGALAN
522,063016,0630,DINGLE
523,012809,0128,DINGRAS
524,037706,0377,DIPACULAO
525,098303,0983,DIPLAHAN
526,097202,0972,DIPOLOG CITY (Capital)
527,0153624,01536,DITSAAN-RAMAIN
528,023111,0231,DIVILACAN
529,045615,0456,DOLORES
530,082606,0826,DOLORES
531,0140107,01401,DOLORES
532,0101304,01013,DON CARLOS
533,0118601,01186,DON MARCELINO
534,0104217,01042,DON VICTORIANO CHIONGBIAN  (DON MARIANO MARCOS)
535,056207,0562,DONSOL
536,031424,0314,DOÑA REMEDIOS TRINIDAD
537,071221,0712,DUERO
538,063017,0630,DUEÑAS
539,083718,0837,DULAG
540,0184610,01846,DUMAGUETE CITY (Capital)
541,061903,0619,DUMALAG
542,097307,0973,DUMALINAO
543,012810,0128,DUMALNEG
544,063018,0630,DUMANGAS
545,072224,0722,DUMANJUG
546,0175311,01753,DUMARAN
547,061904,0619,DUMARAO
548,097308,0973,DUMINGAG
549,025007,0250,DUPAX DEL NORTE
550,025008,0250,DUPAX DEL SUR
551,023112,0231,ECHAGUE
552,0175312,01753,EL NIDO (BACUIT)
553,021512,0215,ENRILE
554,0184508,01845,ENRIQUE B. MAGALONA (SARAVIA)
555,076101,0761,ENRIQUE VILLANUEVA
556,0133908,01339,ERMITA
557,054109,0541,ESPERANZA
558,0126503,01265,ESPERANZA
559,0160303,01603,ESPERANZA
560,063019,0630,ESTANCIA
561,043408,0434,FAMY
562,0175916,01759,FERROL
563,0148103,01481,FLORA
564,035406,0354,FLORIDABLANCA
565,034907,0349,GABALDON (BITULOK & SABANI)
566,051713,0517,GAINZA
567,012909,0129,GALIMUYOD
568,084807,0848,GAMAY
569,023113,0231,GAMU
570,0153609,01536,GANASSI
571,086007,0860,GANDARA
572,051714,0517,GARCHITORENA
573,071222,0712,GARCIA HERNANDEZ
574,0174003,01740,GASAN
575,021513,0215,GATTARAN
576,042123,0421,GEN. MARIANO ALVAREZ
577,0153819,01538,GEN. S.K. PENDATUN
578,042107,0421,GENERAL EMILIO AGUINALDO
579,045616,0456,GENERAL LUNA
580,0166710,01667,GENERAL LUNA
581,082607,0826,GENERAL MACARTHUR
582,034909,0349,GENERAL MAMERTO NATIVIDAD
583,045617,0456,GENERAL NAKAR
584,0126303,01263,GENERAL SANTOS CITY (DADIANGAS)
585,034910,0349,GENERAL TINIO (PAPAYA)
586,036906,0369,GERONA
587,071226,0712,GETAFE
588,0166711,01667,GIGAQUIT
589,052005,0520,GIGMOTO
590,072225,0722,GINATILAN
591,0104308,01043,GINGOOG CITY
592,082608,0826,GIPORLOS
593,0104309,01043,GITAGUM
594,0128002,01280,GLAN
595,0175206,01752,GLORIA
597,051715,0517,GOA
598,097225,0972,GODOD
599,021514,0215,GONZAGA
600,0112506,01125,GOVERNOR GENEROSO
601,012910,0129,GREGORIO DEL PILAR (CONCEPCION)
602,035407,0354,GUAGUA
603,056208,0562,GUBAT
604,031408,0314,GUIGUINTO
605,034911,0349,GUIMBA
606,063020,0630,GUIMBAL
607,045618,0456,GUINAYANGAN
608,071223,0712,GUINDULMAN
609,0153825,01538,GUINDULUNGAN
610,050504,0505,GUINOBATAN
611,0101802,01018,GUINSILIBAN
612,097343,0973,GUIPOS
613,082609,0826,GUIUAN
614,045619,0456,GUMACA
615,097223,0972,GUTALAC
616,0150710,01507,HADJI MOHAMMAD AJUL
617,0150712,01507,HADJI MUHTAMAD
618,0156606,01566,HADJI PANGLIMA TAHIL (MARUNGGAS)
619,031409,0314,HAGONOY
620,0112404,01124,HAGONOY
621,060608,0606,HAMTIC
622,030805,0308,HERMOSA
623,082610,0826,HERNANI
624,083719,0837,HILONGOS
625,086008,0860,HINABANGAN
626,0166809,01668,HINATUAN
627,083720,0837,HINDANG
628,0142709,01427,HINGYON
629,0184511,01845,HINIGARAN
630,0184512,01845,HINOBA-AN (ASIA)
631,086403,0864,HINUNANGAN
632,086404,0864,HINUNDAYAN
633,0142702,01427,HUNGDUAN
634,037105,0371,IBA (Capital)
635,041010,0410,IBAAN
636,060406,0604,IBAJAY
637,063021,0630,IGBARAS
638,021515,0215,IGUIG
639,023114,0231,ILAGAN CITY (Capital)
640,0103504,01035,ILIGAN CITY
641,0184513,01845,ILOG
642,063022,0630,ILOILO CITY (Capital)
643,098304,0983,IMELDA
644,0101305,01013,IMPASUG-ONG
645,042109,0421,IMUS CITY
646,071224,0712,INABANGA
647,0156601,01566,INDANAN
648,042110,0421,INDANG
649,015520,0155,INFANTA
650,045620,0456,INFANTA
651,0104310,01043,INITAO
652,083721,0837,INOPACAN
653,0133909,01339,INTRAMUROS
654,098305,0983,IPIL (Capital)
655,051716,0517,IRIGA CITY
656,056209,0562,IROSIN
657,083722,0837,ISABEL
658,0184514,01845,ISABELA
659,0112317,01123,ISLAND GARDEN CITY OF SAMAL
660,0126504,01265,ISULAN (Capital)
661,020902,0209,ITBAYAT
662,0141106,01411,ITOGON
663,020903,0209,IVANA
664,061905,0619,IVISAN
665,0160205,01602,JABONGA
666,034912,0349,JAEN
667,071225,0712,JAGNA
668,045807,0458,JALA-JALA
669,061906,0619,JAMINDAN
670,063023,0630,JANIUAY
671,083723,0837,JARO
672,0104311,01043,JASAAN
673,083724,0837,JAVIER (BUGHO)
674,086009,0860,JIABONG
675,0184612,01846,JIMALALUD
676,0104207,01042,JIMENEZ
678,082611,0826,JIPAPAD
679,0156602,01566,JOLO (Capital)
680,045621,0456,JOMALIG
681,023115,0231,JONES
682,067902,0679,JORDAN (Capital)
683,0118602,01186,JOSE ABAD SANTOS (TRINIDAD)
684,097222,0972,JOSE DALMAN (PONOT)
685,051605,0516,JOSE PANGANIBAN
686,097337,0973,JOSEFINA
687,050505,0505,JOVELLAR
688,056210,0562,JUBAN
689,083725,0837,JULITA
690,0124703,01247,KABACAN
691,098306,0983,KABASALAN
692,0141107,01411,KABAYAN
693,0148104,01481,KABUGAO (Capital)
694,0153814,01538,KABUNTALAN (TUMBAO)
695,0101306,01013,KADINGILAN
696,0126505,01265,KALAMANSIG
697,097227,0972,KALAWIT
698,043409,0434,KALAYAAN
699,0175321,01753,KALAYAAN
700,060407,0604,KALIBO (Capital)
701,0101307,01013,KALILANGAN
702,0156603,01566,KALINGALAN CALUANG
703,083726,0837,KANANGA
704,0153610,01536,KAPAI
705,0112305,01123,KAPALONG
706,0141108,01411,KAPANGAN
707,0103505,01035,KAPATAGAN
708,0153639,01536,KAPATAGAN
709,025009,0250,KASIBU
710,097203,0972,KATIPUNAN
711,0103507,01035,KAUSWAGAN
712,087806,0878,KAWAYAN
713,042111,0421,KAWIT
714,025010,0250,KAYAPA
715,0128003,01280,KIAMBA
716,0142703,01427,KIANGAN
717,0101308,01013,KIBAWE
718,0112406,01124,KIBLAWAN
719,0141109,01411,KIBUNGAN
720,0104312,01043,KINOGUITAN
721,0101309,01013,KITAOTAO
722,0160206,01602,KITCHARAO
723,0103508,01035,KOLAMBUGAN
724,097311,0973,KUMALARANG
725,0184516,01845,LA CARLOTA CITY
726,0184517,01845,LA CASTELLANA
727,097204,0972,LA LIBERTAD
728,0184613,01846,LA LIBERTAD
729,036907,0369,LA PAZ
730,083728,0837,LA PAZ
731,0140108,01401,LA PAZ
732,0160304,01603,LA PAZ
733,0141110,01411,LA TRINIDAD (Capital)
734,0118202,01182,LAAK (SAN VICENTE)
735,097312,0973,LABANGAN
736,097205,0972,LABASON
737,051606,0516,LABO
738,015521,0155,LABRADOR
739,0140109,01401,LACUB
740,0140110,01401,LAGANGILANG
741,0142704,01427,LAGAWE (Capital)
742,0140111,01401,LAGAYAN
743,0104313,01043,LAGONGLONG
744,051717,0517,LAGONOY
745,0104314,01043,LAGUINDINGAN
746,0126319,01263,LAKE SEBU
747,097333,0973,LAKEWOOD
748,021516,0215,LAL-LO
749,0103509,01035,LALA
750,0126508,01265,LAMBAYONG (MARIANO MARCOS)
751,063025,0630,LAMBUNAO
752,0142705,01427,LAMUT
753,0140112,01401,LANGIDEN
754,0157009,01570,LANGUYAN
755,0101310,01013,LANTAPAN
756,0150703,01507,LANTAWAN
757,0166810,01668,LANUZA
758,015548,0155,LAOAC
759,012812,0128,LAOAG CITY (Capital)
760,084808,0848,LAOANG
761,084809,0848,LAPINIG
762,072226,0722,LAPU-LAPU CITY (OPON)
763,097313,0973,LAPUYAN
764,076102,0761,LARENA
765,084810,0848,LAS NAVAS
766,0160207,01602,LAS NIEVES
767,021517,0215,LASAM
768,060609,0606,LAUA-AN
769,034913,0349,LAUR
770,041011,0410,LAUREL
771,084811,0848,LAVEZARES
772,082612,0826,LAWAAN
773,076103,0761,LAZI
774,0126506,01265,LEBAK
775,063026,0630,LEGANES
776,050506,0505,LEGAZPI CITY (Capital)
777,041012,0410,LEMERY
778,063027,0630,LEMERY
779,063028,0630,LEON
780,083729,0837,LEYTE
781,060408,0604,LEZO
782,041013,0410,LIAN
783,0166811,01668,LIANGA
784,060409,0604,LIBACAO
785,086405,0864,LIBAGON
786,060610,0606,LIBERTAD
787,0104315,01043,LIBERTAD
788,0168504,01685,LIBJO (ALBOR)
789,051718,0517,LIBMANAN
790,050507,0505,LIBON
791,0101311,01013,LIBONA
792,0124705,01247,LIBUNGAN
793,034914,0349,LICAB
794,0140113,01401,LICUAN-BAAY (LICUAN)
795,012911,0129,LIDLIDDA
796,071227,0712,LILA
797,043410,0434,LILIW
798,072227,0722,LILOAN
799,086406,0864,LILOAN
800,097206,0972,LILOY
801,086419,0864,LIMASAWA
802,030806,0308,LIMAY
803,0103510,01035,LINAMON
804,0175313,01753,LINAPACAN
805,015522,0155,LINGAYEN (Capital)
806,0166812,01668,LINGIG
807,041014,0410,LIPA CITY
808,034915,0349,LLANERA
809,082613,0826,LLORENTE
810,071228,0712,LOAY
811,041015,0410,LOBO
812,071229,0712,LOBOC
813,0175103,01751,LOOC
814,0175907,01759,LOOC
815,071230,0712,LOON
816,084824,0848,LOPE DE VEGA
817,045622,0456,LOPEZ
818,0104208,01042,LOPEZ JAENA
819,0160305,01603,LORETO
820,0168505,01685,LORETO
821,043411,0434,LOS BAÑOS
822,0140114,01401,LUBA
823,0175104,01751,LUBANG
824,035408,0354,LUBAO
825,0143206,01432,LUBUAGAN
826,045623,0456,LUCBAN
827,045624,0456,LUCENA CITY (Capital)
828,0104316,01043,LUGAIT
829,0156617,01566,LUGUS
830,043412,0434,LUISIANA
831,0153611,01536,LUMBA-BAYABAO (MAGUING)
832,0153641,01536,LUMBACA-UNAYAN
833,043413,0434,LUMBAN
834,0153612,01536,LUMBATAN
835,0153636,01536,LUMBAYANAGUE
836,013310,0133,LUNA
837,023116,0231,LUNA
838,0148105,01481,LUNA
839,034916,0349,LUPAO
840,051719,0517,LUPI
841,0112507,01125,LUPON
842,0126507,01265,LUTAYAN
843,0156604,01566,LUUK
844,0124710,01247,M'LANG
845,061907,0619,MA-AYON
846,0128004,01280,MAASIM
847,063029,0630,MAASIN
848,035409,0354,MABALACAT CITY
849,0184614,01846,MABINAY
850,015523,0155,MABINI
851,041016,0410,MABINI
852,071231,0712,MABINI
853,0118203,01182,MABINI (DOÑA ALICIA)
854,043414,0434,MABITAC
855,098307,0983,MABUHAY
856,035410,0354,MACABEBE
857,045625,0456,MACALELON
858,083730,0837,MACARTHUR
859,0118204,01182,MACO
860,023117,0231,MACONACON
861,086408,0864,MACROHON
862,060410,0604,MADALAG
863,0153613,01536,MADALUM
864,0153614,01536,MADAMBA
865,025704,0257,MADDELA
866,0166813,01668,MADRID
867,072228,0722,MADRIDEJOS
868,035411,0354,MAGALANG
869,042112,0421,MAGALLANES
870,056211,0562,MAGALLANES
871,0160208,01602,MAGALLANES
872,051720,0517,MAGARAO
873,043415,0434,MAGDALENA
874,0175908,01759,MAGDIWANG
875,0124706,01247,MAGPET
877,0103511,01035,MAGSAYSAY
878,0112407,01124,MAGSAYSAY
879,0175105,01751,MAGSAYSAY
880,0175314,01753,MAGSAYSAY
881,0104317,01043,MAGSAYSAY (LINUGOS)
882,012912,0129,MAGSINGAL
883,0153634,01536,MAGUING
884,083731,0837,MAHAPLAG
885,020904,0209,MAHATAO
886,097315,0973,MAHAYAG
887,0101803,01018,MAHINOG
888,0103512,01035,MAIGO
889,0156605,01566,MAIMBUNG
890,0166714,01667,MAINIT
891,0128005,01280,MAITUM
892,043416,0434,MAJAYJAY
893,060411,0604,MAKATO
894,0124707,01247,MAKILALA
895,0153615,01536,MALABANG
896,072229,0722,MALABUYOC
897,0112408,01124,MALALAG
898,098308,0983,MALANGAS
899,0128006,01280,MALAPATAN
900,015524,0155,MALASIQUI
901,0133910,01339,MALATE
902,060412,0604,MALAY
903,0140115,01401,MALIBCONG
904,050509,0505,MALILIPOT
905,0166715,01667,MALIMONO
906,050510,0505,MALINAO
907,060413,0604,MALINAO
908,0118603,01186,MALITA
909,086409,0864,MALITBOG
910,0101313,01013,MALITBOG
911,023119,0231,MALLIG
912,0128007,01280,MALUNGON
913,0150704,01507,MALUSO
914,041017,0410,MALVAR
915,0153820,01538,MAMASAPANO
916,0101804,01018,MAMBAJAO (Capital)
917,0175106,01751,MAMBURAO (Capital)
918,061908,0619,MAMBUSAO
919,0140116,01401,MANABO
920,015525,0155,MANAOAG
921,0184518,01845,MANAPLA
922,0112508,01125,MANAY
923,054110,0541,MANDAON
924,072230,0722,MANDAUE CITY
925,015526,0155,MANGALDAN
926,015527,0155,MANGATAREM
927,0153832,01538,MANGUDADATU
928,050511,0505,MANITO
929,0184615,01846,MANJUYOD
930,0141111,01411,MANKAYAN
931,0101314,01013,MANOLO FORTICH
932,0175207,01752,MANSALAY
933,0104318,01043,MANTICAO
934,097207,0972,MANUKAN
935,084812,0848,MAPANAS
936,015528,0155,MAPANDAN
937,0157003,01570,MAPUN (CAGAYAN DE TAWI-TAWI)
938,086010,0860,MARABUT
939,042113,0421,MARAGONDON
940,0118205,01182,MARAGUSAN (SAN MARIANO)
941,0101315,01013,MARAMAG
942,0153616,01536,MARANTAO
943,0153617,01536,MARAWI CITY (Capital)
944,012813,0128,MARCOS
945,097317,0973,MARGOSATUBIG
946,076104,0761,MARIA
947,037707,0377,MARIA AURORA
948,071232,0712,MARIBOJOC
949,0166814,01668,MARIHATAG
950,031411,0314,MARILAO
951,087807,0878,MARIPIPI
952,030807,0308,MARIVELES
953,0153631,01536,MAROGONG
954,035412,0354,MASANTOL
955,037106,0371,MASINLOC
956,0153618,01536,MASIU
957,082614,0826,MASLOG
958,041018,0410,MATAASNAKAHOY
959,083733,0837,MATAG-OB
960,0124708,01247,MATALAM
961,083734,0837,MATALOM
962,0112410,01124,MATANAO
963,0153809,01538,MATANOG
964,056212,0562,MATNOG
965,086011,0860,MATUGUINAO
966,0103513,01035,MATUNGAO
967,045627,0456,MAUBAN
968,0118206,01182,MAWAB
969,036908,0369,MAYANTOC
970,082615,0826,MAYDOLONG
971,083735,0837,MAYORGA
972,0142706,01427,MAYOYAO
973,072231,0722,MEDELLIN
974,0104319,01043,MEDINA
975,042114,0421,MENDEZ (MENDEZ-NUÑEZ)
976,051607,0516,MERCEDES
977,082616,0826,MERCEDES
978,083736,0837,MERIDA
979,035413,0354,MEXICO
980,063030,0630,MIAGAO
981,097318,0973,MIDSALIP
982,0124709,01247,MIDSAYAP
983,054112,0541,MILAGROS
984,051721,0517,MILAOR
985,063031,0630,MINA
986,051722,0517,MINALABAC
987,035414,0354,MINALIN
988,072232,0722,MINGLANILLA
989,072233,0722,MOALBOAL
990,054113,0541,MOBO
991,0174004,01740,MOGPOG
992,0184519,01845,MOISES PADILLA (MAGALLON)
993,097319,0973,MOLAVE
994,036909,0369,MONCADA
995,084813,0848,MONDRAGON
996,0118207,01182,MONKAYO
997,054114,0541,MONREAL
998,0118208,01182,MONTEVISTA
999,030808,0308,MORONG
1000,045809,0458,MORONG
1001,086012,0860,MOTIONG
1002,045628,0456,MULANAY
1003,0153619,01536,MULONDO
1004,0103514,01035,MUNAI
1005,0184520,01845,MURCIA
1006,097208,0972,MUTIA
1007,0104320,01043,NAAWAN
1008,060414,0604,NABAS
1009,051723,0517,NABUA
1010,0118209,01182,NABUNTURAN (Capital)
1011,098309,0983,NAGA
1012,051724,0517,NAGA CITY
1013,012913,0129,NAGBUKEL
1014,043417,0434,NAGCARLAN
1015,025706,0257,NAGTIPUNAN
1016,013311,0133,NAGUILIAN
1017,023120,0231,NAGUILIAN
1018,042115,0421,NAIC
1019,034918,0349,NAMPICUAN
1020,0175315,01753,NARRA
1021,012914,0129,NARVACAN
1022,0160209,01602,NASIPIT
1023,041019,0410,NASUGBU
1024,015529,0155,NATIVIDAD
1025,0144405,01444,NATONIN
1026,0175208,01752,NAUJAN
1028,087808,0878,NAVAL (Capital)
1029,0118210,01182,NEW BATAAN
1030,0112314,01123,NEW CORELLA
1031,063032,0630,NEW LUCENA
1032,060415,0604,NEW WASHINGTON
1033,0126311,01263,NORALA
1034,0153834,01538,NORTHERN KABUNTALAN
1035,031413,0314,NORZAGARAY
1036,042116,0421,NOVELETA
1037,012814,0128,NUEVA ERA
1038,067903,0679,NUEVA VALENCIA
1039,060416,0604,NUMANCIA
1040,0103515,01035,NUNUNGAN
1041,050512,0505,OAS
1042,031414,0314,OBANDO
1043,051725,0517,OCAMPO
1044,0175909,01759,ODIONGAN
1045,0156607,01566,OLD PANAMAO
1046,037107,0371,OLONGAPO CITY
1047,098310,0983,OLUTANGA
1048,0156619,01566,OMAR
1049,0104321,01043,OPOL
1050,030809,0308,ORANI
1051,082617,0826,ORAS
1052,030810,0308,ORION
1053,083738,0837,ORMOC CITY
1054,0104209,01042,OROQUIETA CITY (Capital)
1055,072235,0722,OSLOB
1056,063034,0630,OTON
1057,0104210,01042,OZAMIS CITY
1058,0133911,01339,PACO
1059,0112411,01124,PADADA
1060,045629,0456,PADRE BURGOS
1061,086410,0864,PADRE BURGOS
1062,041020,0410,PADRE GARCIA
1063,043418,0434,PAETE
1065,097322,0973,PAGADIAN CITY (Capital)
1066,0153822,01538,PAGAGAWAN
1067,0153810,01538,PAGALUNGAN
1068,0153620,01536,PAGAYAWAN (TATARIKAN)
1069,045630,0456,PAGBILAO
1070,0153823,01538,PAGLAT
1071,086026,0860,PAGSANGHAN
1072,043419,0434,PAGSANJAN
1073,012815,0128,PAGUDPUD
1074,043420,0434,PAKIL
1075,023121,0231,PALANAN
1076,054115,0541,PALANAS
1077,084814,0848,PALAPAG
1078,037108,0371,PALAUIG
1079,034919,0349,PALAYAN CITY (Capital)
1080,0126509,01265,PALIMBANG
1081,083739,0837,PALO
1082,083740,0837,PALOMPON
1083,0175107,01751,PALUAN
1084,084815,0848,PAMBUJAN
1085,021518,0215,PAMPLONA
1086,051726,0517,PAMPLONA
1087,0184616,01846,PAMPLONA
1088,0104211,01042,PANAON
1089,061909,0619,PANAY
1090,0133912,01339,PANDACAN
1091,0153833,01538,PANDAG
1092,0156618,01566,PANDAMI
1093,052006,0520,PANDAN
1094,060611,0606,PANDAN
1095,031415,0314,PANDI
1096,052007,0520,PANGANIBAN (PAYO)
1097,0101316,01013,PANGANTUCAN
1098,043421,0434,PANGIL
1099,071233,0712,PANGLAO
1100,0156616,01566,PANGLIMA ESTINO (NEW PANAMAO)
1101,0157001,01570,PANGLIMA SUGALA (BALIMBING)
1102,0156608,01566,PANGUTARAN
1103,036910,0369,PANIQUI
1104,061910,0619,PANITAN
1105,034920,0349,PANTABANGAN
1106,0103516,01035,PANTAO RAGAT
1107,0103523,01035,PANTAR
1108,0118211,01182,PANTUKAN
1109,045631,0456,PANUKULAN
1110,012816,0128,PAOAY
1111,031416,0314,PAOMBONG
1112,051608,0516,PARACALE
1113,0144406,01444,PARACELIS
1114,086022,0860,PARANAS (WRIGHT)
1115,0153811,01538,PARANG
1116,0156609,01566,PARANG
1117,051727,0517,PASACAO
1118,0137605,01376,PASAY CITY
1119,0143208,01432,PASIL
1120,083741,0837,PASTRANA
1121,012817,0128,PASUQUIN
1122,0156610,01566,PATA
1123,0137606,01376,PATEROS
1124,0156611,01566,PATIKUL
1125,045632,0456,PATNANUNGAN
1126,060612,0606,PATNONGON
1127,063036,0630,PAVIA
1128,098311,0983,PAYAO
1129,045633,0456,PEREZ
1130,021519,0215,PEÑABLANCA
1131,034921,0349,PEÑARANDA
1132,0140117,01401,PEÑARRUBIA
1133,0153621,01536,PIAGAPO
1134,021520,0215,PIAT
1135,0153635,01536,PICONG (SULTAN GUMANDER)
1136,012818,0128,PIDDIG
1137,0140118,01401,PIDIGAN
1138,0124711,01247,PIGKAWAYAN
1139,0124712,01247,PIKIT
1140,043422,0434,PILA
1141,030811,0308,PILAR
1142,056213,0562,PILAR
1143,061911,0619,PILAR
1144,071234,0712,PILAR
1145,072236,0722,PILAR
1146,0140119,01401,PILAR
1147,0166716,01667,PILAR
1148,051728,0517,PILI (Capital)
1149,045810,0458,PILILLA
1150,086013,0860,PINABACDAO
1151,0175209,01752,PINAMALAYAN
1153,072237,0722,PINAMUNGAHAN
1154,012819,0128,PINILI
1155,086411,0864,PINTUYAN
1156,0143209,01432,PINUKPUK
1157,050513,0505,PIO DURAN
1158,054116,0541,PIO V. CORPUZ (LIMBUHAN)
1159,045634,0456,PITOGO
1160,097338,0973,PITOGO
1161,097209,0972,PIÑAN (NEW PIÑAN)
1162,054117,0541,PLACER
1163,0166717,01667,PLACER
1164,031417,0314,PLARIDEL
1165,045635,0456,PLARIDEL
1166,0104212,01042,PLARIDEL
1167,0175210,01752,POLA
1169,097210,0972,POLANCO
1170,050514,0505,POLANGUI
1171,045636,0456,POLILLO
1172,0126312,01263,POLOMOLOK
1173,061912,0619,PONTEVEDRA
1174,0184521,01845,PONTEVEDRA
1175,0153622,01536,POONA BAYABAO (GATA)
1176,0103517,01035,POONA PIAGAPO
1177,035415,0354,PORAC
1178,072238,0722,PORO
1179,0133913,01339,PORT AREA
1180,063037,0630,POTOTAN
1181,015530,0155,POZORRUBIO
1182,071235,0712,PRES. CARLOS P. GARCIA (PITOGO)
1183,097211,0972,PRES. MANUEL A. ROXAS
1184,051729,0517,PRESENTACION (PARUBCAN)
1185,0126510,01265,PRESIDENT QUIRINO
1186,061913,0619,PRESIDENT ROXAS
1187,0124713,01247,PRESIDENT ROXAS
1188,056214,0562,PRIETO DIAZ
1189,0160306,01603,PROSPERIDAD (Capital)
1190,0153623,01536,PUALAS
1191,0148106,01481,PUDTOL
1192,0175211,01752,PUERTO GALERA
1194,0175316,01753,PUERTO PRINCESA CITY (Capital)
1195,013312,0133,PUGO
1196,031418,0314,PULILAN
1197,0184522,01845,PULUPANDAN
1198,036911,0369,PURA
1199,023122,0231,QUEZON
1200,025011,0250,QUEZON
1201,034922,0349,QUEZON
1202,045637,0456,QUEZON
1203,0101317,01013,QUEZON
1204,0175317,01753,QUEZON
1205,0137404,01374,QUEZON CITY
1206,0133903,01339,QUIAPO
1207,082618,0826,QUINAPONDAN
1208,023123,0231,QUIRINO
1209,012915,0129,QUIRINO (ANGKAKI)
1210,051730,0517,RAGAY
1211,0153829,01538,RAJAH BUAYAN
1212,023124,0231,RAMON
1213,097323,0973,RAMON MAGSAYSAY (LIARGO)
1214,036912,0369,RAMOS
1215,050515,0505,RAPU-RAPU
1216,045638,0456,REAL
1217,023125,0231,REINA MERCEDES
1218,0160212,01602,REMEDIOS T. ROMUALDEZ
1219,021521,0215,RIZAL
1220,034923,0349,RIZAL
1221,043423,0434,RIZAL
1222,097212,0972,RIZAL
1223,0175108,01751,RIZAL
1224,0143211,01432,RIZAL (LIWAN)
1225,0175323,01753,RIZAL (MARCOS)
1226,045808,0458,RODRIGUEZ (MONTALBAN)
1227,0175910,01759,ROMBLON (Capital)
1228,072239,0722,RONDA
1229,015531,0155,ROSALES
1230,013313,0133,ROSARIO
1231,041021,0410,ROSARIO
1232,042117,0421,ROSARIO
1233,084816,0848,ROSARIO
1234,0160307,01603,ROSARIO
1235,098312,0983,ROSELLER LIM
1236,023126,0231,ROXAS
1237,0175212,01752,ROXAS
1238,0175318,01753,ROXAS
1239,061914,0619,ROXAS CITY (Capital)
1240,0144407,01444,SABANGAN
1241,0141112,01411,SABLAN
1242,0175109,01751,SABLAYAN
1243,020905,0209,SABTANG
1244,0144408,01444,SADANGA
1245,0144409,01444,SAGADA
1246,0101805,01018,SAGAY
1247,0184523,01845,SAGAY CITY
1248,071236,0712,SAGBAYAN (BORJA)
1249,025705,0257,SAGUDAY
1250,0153625,01536,SAGUIARAN
1251,051731,0517,SAGÑAY
1252,086412,0864,SAINT BERNARD
1253,0104322,01043,SALAY
1254,082619,0826,SALCEDO
1255,012916,0129,SALCEDO (BAUGEN)
1256,0140120,01401,SALLAPADAN
1257,097213,0972,SALUG
1258,0103518,01035,SALVADOR
1259,0184532,01845,SALVADOR BENEDICTO
1260,030812,0308,SAMAL
1261,072240,0722,SAMBOAN
1262,045639,0456,SAMPALOC
1263,0133906,01339,SAMPALOC
1264,023127,0231,SAN AGUSTIN
1265,0166815,01668,SAN AGUSTIN
1266,0175911,01759,SAN AGUSTIN
1267,045640,0456,SAN ANDRES
1268,0175912,01759,SAN ANDRES
1269,052008,0520,SAN ANDRES (CALOLBON)
1270,034924,0349,SAN ANTONIO
1271,037109,0371,SAN ANTONIO
1272,045641,0456,SAN ANTONIO
1273,084817,0848,SAN ANTONIO
1274,0166718,01667,SAN BENITO
1275,015532,0155,SAN CARLOS CITY
1276,0184524,01845,SAN CARLOS CITY
1277,036913,0369,SAN CLEMENTE
1278,063038,0630,SAN DIONISIO
1279,012917,0129,SAN EMILIO
1280,063039,0630,SAN ENRIQUE
1281,0184525,01845,SAN ENRIQUE
1282,012918,0129,SAN ESTEBAN
1283,015533,0155,SAN FABIAN
1284,037110,0371,SAN FELIPE
1285,051732,0517,SAN FERNANDO
1286,054118,0541,SAN FERNANDO
1287,072241,0722,SAN FERNANDO
1288,0101318,01013,SAN FERNANDO
1289,0175913,01759,SAN FERNANDO
1290,072242,0722,SAN FRANCISCO
1291,086413,0864,SAN FRANCISCO
1292,0160308,01603,SAN FRANCISCO
1293,0166719,01667,SAN FRANCISCO (ANAO-AON)
1294,045642,0456,SAN FRANCISCO (AURORA)
1295,013315,0133,SAN GABRIEL
1296,023128,0231,SAN GUILLERMO
1297,012919,0129,SAN ILDEFONSO
1298,031419,0314,SAN ILDEFONSO
1299,023129,0231,SAN ISIDRO
1300,034925,0349,SAN ISIDRO
1301,071237,0712,SAN ISIDRO
1302,083742,0837,SAN ISIDRO
1303,084818,0848,SAN ISIDRO
1304,0112324,01123,SAN ISIDRO
1305,0112510,01125,SAN ISIDRO
1306,0140121,01401,SAN ISIDRO
1307,0166720,01667,SAN ISIDRO
1308,015534,0155,SAN JACINTO
1309,054119,0541,SAN JACINTO
1310,063040,0630,SAN JOAQUIN
1311,086025,0860,SAN JORGE
1312,036918,0369,SAN JOSE
1313,041022,0410,SAN JOSE
1314,051733,0517,SAN JOSE
1315,084819,0848,SAN JOSE
1316,0175110,01751,SAN JOSE
1317,0175914,01759,SAN JOSE
1318,0184617,01846,SAN JOSE
1319,060613,0606,SAN JOSE (Capital)
1320,0168506,01685,SAN JOSE (Capital)
1321,034926,0349,SAN JOSE CITY
1322,086014,0860,SAN JOSE DE BUAN
1323,013316,0133,SAN JUAN
1324,041023,0410,SAN JUAN
1325,076105,0761,SAN JUAN
1326,0140122,01401,SAN JUAN
1327,086414,0864,SAN JUAN (CABALIAN)
1328,012920,0129,SAN JUAN (LAPOG)
1329,082620,0826,SAN JULIAN
1330,034927,0349,SAN LEONARDO
1331,067904,0679,SAN LORENZO
1332,051604,0516,SAN LORENZO RUIZ (IMELDA)
1333,035417,0354,SAN LUIS
1334,037708,0377,SAN LUIS
1335,041024,0410,SAN LUIS
1336,0160309,01603,SAN LUIS
1337,015535,0155,SAN MANUEL
1338,023130,0231,SAN MANUEL
1339,036914,0369,SAN MANUEL
1340,037111,0371,SAN MARCELINO
1341,023131,0231,SAN MARIANO
1342,023132,0231,SAN MATEO
1343,045811,0458,SAN MATEO
1344,031421,0314,SAN MIGUEL
1345,052009,0520,SAN MIGUEL
1346,063041,0630,SAN MIGUEL
1347,071238,0712,SAN MIGUEL
1348,083743,0837,SAN MIGUEL
1349,097324,0973,SAN MIGUEL
1350,0133907,01339,SAN MIGUEL
1351,0166816,01668,SAN MIGUEL
1352,037112,0371,SAN NARCISO
1353,045644,0456,SAN NARCISO
1354,012820,0128,SAN NICOLAS
1355,015536,0155,SAN NICOLAS
1356,041025,0410,SAN NICOLAS
1357,0133904,01339,SAN NICOLAS
1358,023133,0231,SAN PABLO
1359,097325,0973,SAN PABLO
1360,043424,0434,SAN PABLO CITY
1361,041026,0410,SAN PASCUAL
1362,054120,0541,SAN PASCUAL
1363,082621,0826,SAN POLICARPO
1364,015537,0155,SAN QUINTIN
1365,0140123,01401,SAN QUINTIN
1366,031422,0314,SAN RAFAEL
1367,063042,0630,SAN RAFAEL
1368,060614,0606,SAN REMIGIO
1369,072243,0722,SAN REMIGIO
1370,086415,0864,SAN RICARDO
1371,084820,0848,SAN ROQUE
1372,086015,0860,SAN SEBASTIAN
1373,035418,0354,SAN SIMON
1374,0175213,01752,SAN TEODORO
1375,012921,0129,SAN VICENTE
1376,051609,0516,SAN VICENTE
1377,084821,0848,SAN VICENTE
1378,0175319,01753,SAN VICENTE
1379,021522,0215,SANCHEZ-MIRA
1380,012922,0129,SANTA
1381,021523,0215,SANTA ANA
1382,035419,0354,SANTA ANA
1383,0133914,01339,SANTA ANA
1384,015538,0155,SANTA BARBARA
1385,063043,0630,SANTA BARBARA
1386,012923,0129,SANTA CATALINA
1387,0184618,01846,SANTA CATALINA
1388,012924,0129,SANTA CRUZ
1389,037113,0371,SANTA CRUZ
1390,0112412,01124,SANTA CRUZ
1391,0133905,01339,SANTA CRUZ
1392,0174005,01740,SANTA CRUZ
1393,0175111,01751,SANTA CRUZ
1395,043426,0434,SANTA CRUZ (Capital)
1396,051610,0516,SANTA ELENA
1397,025012,0250,SANTA FE
1398,072244,0722,SANTA FE
1399,083744,0837,SANTA FE
1400,0175915,01759,SANTA FE
1401,036915,0369,SANTA IGNACIA
1402,0160310,01603,SANTA JOSEFA
1403,012925,0129,SANTA LUCIA
1404,056215,0562,SANTA MAGDALENA
1405,0148107,01481,SANTA MARCELA
1406,086016,0860,SANTA MARGARITA
1407,012926,0129,SANTA MARIA
1408,015539,0155,SANTA MARIA
1409,023134,0231,SANTA MARIA
1410,031423,0314,SANTA MARIA
1411,043427,0434,SANTA MARIA
1412,0118604,01186,SANTA MARIA
1413,0175917,01759,SANTA MARIA (IMELDA)
1414,0166721,01667,SANTA MONICA (SAPAO)
1415,021524,0215,SANTA PRAXEDES
1416,035420,0354,SANTA RITA
1417,086017,0860,SANTA RITA
1418,034928,0349,SANTA ROSA
1419,021525,0215,SANTA TERESITA
1420,041027,0410,SANTA TERESITA
1421,072245,0722,SANTANDER
1422,012927,0129,SANTIAGO
1423,0160210,01602,SANTIAGO
1424,012928,0129,SANTO DOMINGO
1425,034929,0349,SANTO DOMINGO
1426,050516,0505,SANTO DOMINGO (LIBOG)
1427,086018,0860,SANTO NIÑO
1428,0126318,01263,SANTO NIÑO
1429,021526,0215,SANTO NIÑO (FAIRE)
1430,013317,0133,SANTO TOMAS
1431,015540,0155,SANTO TOMAS
1432,023136,0231,SANTO TOMAS
1433,035421,0354,SANTO TOMAS
1434,041028,0410,SANTO TOMAS
1435,0112318,01123,SANTO TOMAS
1436,013318,0133,SANTOL
1437,0157010,01570,SAPA-SAPA
1438,0103519,01035,SAPAD
1439,0104213,01042,SAPANG DALAGA
1440,061915,0619,SAPI-AN
1441,063044,0630,SARA
1442,0118605,01186,SARANGANI
1443,045645,0456,SARIAYA
1444,012821,0128,SARRAT
1445,035422,0354,SASMUAN (Sexmoan)
1446,034917,0349,SCIENCE CITY OF MUÑOZ
1447,060615,0606,SEBASTE
1448,0126512,01265,SEN. NINOY AQUINO
1449,097214,0972,SERGIO OSMEÑA SR.
1450,071239,0712,SEVILLA
1451,0153808,01538,SHARIFF AGUAK (MAGANOY) (Capital)
1452,0153837,01538,SHARIFF SAYDONA MUSTAPHA
1453,0156612,01566,SIASI
1454,0184619,01846,SIATON
1455,098313,0983,SIAY
1456,097215,0972,SIAYAN
1457,0160314,01603,SIBAGAT
1458,060616,0606,SIBALOM
1459,072246,0722,SIBONGA
1460,097216,0972,SIBUCO
1461,0184620,01846,SIBULAN
1462,067905,0679,SIBUNAG
1463,097217,0972,SIBUTAD
1464,0157011,01570,SIBUTU
1465,071240,0712,SIERRA BULLONES
1466,012929,0129,SIGAY
1467,061916,0619,SIGMA
1468,071241,0712,SIKATUNA
1469,086416,0864,SILAGO
1470,042118,0421,SILANG
1471,0184526,01845,SILAY CITY
1472,084822,0848,SILVINO LOBOS
1473,0157004,01570,SIMUNUL
1474,0104214,01042,SINACABAN
1475,012930,0129,SINAIT
1476,097218,0972,SINDANGAN
1477,043429,0434,SINILOAN
1478,097219,0972,SIOCON
1479,051734,0517,SIPOCOT
1480,076106,0761,SIQUIJOR (Capital)
1481,097220,0972,SIRAWAI
1482,051735,0517,SIRUMA
1483,015541,0155,SISON
1484,0166722,01667,SISON
1485,0157005,01570,SITANGKAI
1486,0166723,01667,SOCORRO
1487,0175214,01752,SOCORRO
1489,0175324,01753,SOFRONIO ESPAÑOLA
1490,072247,0722,SOGOD
1491,086417,0864,SOGOD
1492,021527,0215,SOLANA
1493,025013,0250,SOLANO
1494,012822,0128,SOLSONA
1495,097340,0973,SOMINOT (DON MARIANO MARCOS)
1496,0157006,01570,SOUTH UBIAN
1497,0153817,01538,SOUTH UPI
1498,015542,0155,SUAL
1499,037114,0371,SUBIC
1500,013319,0133,SUDIPEN
1501,0104323,01043,SUGBONGCOGON
1502,012931,0129,SUGPON
1503,082622,0826,SULAT
1504,0112414,01124,SULOP
1505,0153640,01536,SULTAN DUMALONDONG
1506,0153812,01538,SULTAN KUDARAT (NULING)
1507,0153824,01538,SULTAN MASTURA
1508,0103506,01035,SULTAN NAGA DIMAPORO (KAROMATAN)
1509,0153813,01538,SULTAN SA BARONGIS (LAMBAYONG)
1510,0101319,01013,SUMILAO
1511,0150705,01507,SUMISIP
1512,0126313,01263,SURALLAH
1513,0166724,01667,SURIGAO CITY (Capital)
1514,012932,0129,SUYO
1515,0126316,01263,T'BOLI
1516,041029,0410,TAAL
1517,083745,0837,TABANGO
1518,097327,0973,TABINA
1519,072248,0722,TABOGON
1520,083746,0837,TABONTABON
1521,0150713,01507,TABUAN-LASA
1522,072249,0722,TABUELAN
1523,083747,0837,TACLOBAN CITY (Capital)
1524,0144410,01444,TADIAN
1525,082623,0826,TAFT
1526,0166725,01667,TAGANA-AN
1527,086024,0860,TAGAPUL-AN
1528,042119,0421,TAGAYTAY CITY
1529,071242,0712,TAGBILARAN CITY (Capital)
1530,0166817,01668,TAGBINA
1531,045646,0456,TAGKAWAYAN
1532,0166818,01668,TAGO
1533,0103520,01035,TAGOLOAN
1534,0104324,01043,TAGOLOAN
1535,0153638,01536,TAGOLOAN II
1536,012933,0129,TAGUDIN
1537,0137607,01376,TAGUIG CITY
1538,0160311,01603,TALACOGON
1539,0112322,01123,TALAINGOD
1540,0101320,01013,TALAKAG
1541,086019,0860,TALALORA
1542,034930,0349,TALAVERA
1543,0153816,01538,TALAYAN
1544,071243,0712,TALIBON
1545,0156613,01566,TALIPAO
1546,041030,0410,TALISAY
1547,051611,0516,TALISAY
1548,0104325,01043,TALISAYAN
1549,0153821,01538,TALITAY
1550,034931,0349,TALUGTUG
1551,098314,0983,TALUSAN
1552,097328,0973,TAMBULIG
1553,0126314,01263,TAMPAKAN
1554,0153626,01536,TAMPARAN
1555,097221,0972,TAMPILISAN
1556,083748,0837,TANAUAN
1557,045812,0458,TANAY
1558,0157007,01570,TANDUBAS
1559,060417,0604,TANGALAN
1560,0103521,01035,TANGCAL
1561,0104215,01042,TANGUB CITY
1563,0126315,01263,TANTANGAN
1564,0143214,01432,TANUDAN
1565,042120,0421,TANZA
1566,061917,0619,TAPAZ
1567,0156614,01566,TAPUL
1568,0153627,01536,TARAKA
1569,086020,0860,TARANGNAN
1,0175301,01753,ABORLAN
2,0175101,01751,ABRA DE ILOG
3,030801,0308,ABUCAY
4,021501,0215,ABULUG
5,083701,0837,ABUYOG
6,012801,0128,ADAMS
7,045601,0456,AGDANGAN
8,025701,0257,AGLIPAY
9,015501,0155,AGNO
10,041001,0410,AGONCILLO
11,013301,0133,AGOO
12,015502,0155,AGUILAR
13,0142708,01427,AGUINALDO
14,0175302,01753,AGUTAYA
15,063001,0630,AJUY
16,0150708,01507,AKBAR
17,0150709,01507,AL-BARKA
18,045602,0456,ALABAT
19,0128001,01280,ALABEL (Capital)
20,0124701,01247,ALAMADA
21,043401,0434,ALAMINOS
22,083702,0837,ALANGALANG
23,083703,0837,ALBUERA
24,071201,0712,ALBURQUERQUE
25,015504,0155,ALCALA
26,021502,0215,ALCALA
27,072201,0722,ALCANTARA
28,0175901,01759,ALCANTARA
29,072202,0722,ALCOY
30,072203,0722,ALEGRIA
31,0166701,01667,ALEGRIA
32,0124717,01247,ALEOSAN
33,042101,0421,ALFONSO
34,025015,0250,ALFONSO CASTANEDA
35,0142707,01427,ALFONSO LISTA (POTIA)
36,034901,0349,ALIAGA
37,023101,0231,ALICIA
38,071202,0712,ALICIA
39,098301,0983,ALICIA
40,012901,0129,ALILEM
41,063002,0630,ALIMODIAN
42,041002,0410,ALITAGTAG
43,021503,0215,ALLACAPAN
44,084801,0848,ALLEN
45,086001,0860,ALMAGRO
46,087801,0878,ALMERIA
47,072204,0722,ALOGUINSAN
48,0104201,01042,ALORAN
49,060401,0604,ALTAVAS
50,0104301,01043,ALUBIJID
51,042102,0421,AMADEO
52,025001,0250,AMBAGUIO
53,0184601,01846,AMLAN (AYUQUITAN)
54,0153801,01538,AMPATUAN
55,021504,0215,AMULUNG
56,086401,0864,ANAHAWAN
57,036901,0369,ANAO
58,015505,0155,ANDA
59,071203,0712,ANDA
60,023102,0231,ANGADANAN
61,031401,0314,ANGAT
62,035401,0354,ANGELES CITY
1570,0112511,01125,TARRAGONA
1571,0184622,01846,TAYASAN
1572,041032,0410,TAYSAN
1573,045813,0458,TAYTAY
1574,0175320,01753,TAYTAY
1575,015543,0155,TAYUG
1576,0140124,01401,TAYUM
1577,045814,0458,TERESA
1578,042121,0421,TERNATE
1579,045648,0456,TIAONG
1580,060617,0606,TIBIAO
1581,051736,0517,TIGAON
1582,097344,0973,TIGBAO
1583,063045,0630,TIGBAUAN
1584,051737,0517,TINAMBAC
1585,0140125,01401,TINEG
1586,0143215,01432,TINGLAYAN
1587,041033,0410,TINGLOY
1588,0142710,01427,TINOC
1589,0150706,01507,TIPO-TIPO
1590,098315,0983,TITAY
1591,050518,0505,TIWI
1592,060607,0606,TOBIAS FORNIER (DAO)
212,0153605,01536,BINIDAYAN
1593,0184529,01845,TOBOSO
1594,072251,0722,TOLEDO CITY
1595,083749,0837,TOLOSA
1596,086418,0864,TOMAS OPPUS
1597,0133901,01339,TONDO I / II
1599,0156615,01566,TONGKIL
1600,0174006,01740,TORRIJOS
1601,042122,0421,TRECE MARTIRES CITY (Capital)
1602,0160312,01603,TRENTO
1603,071244,0712,TRINIDAD
1604,021528,0215,TUAO
1605,0141113,01411,TUBA
1606,0168507,01685,TUBAJON
1607,013320,0133,TUBAO
1608,0153628,01536,TUBARAN
1609,0160211,01602,TUBAY
1610,071245,0712,TUBIGON
1611,0141114,01411,TUBLAY
1612,0140126,01401,TUBO
1613,0166727,01667,TUBOD
1614,0103522,01035,TUBOD (Capital)
1615,063046,0630,TUBUNGAN
1616,072252,0722,TUBURAN
1617,0150707,01507,TUBURAN
1618,072253,0722,TUDELA
1619,0104216,01042,TUDELA
1620,0153629,01536,TUGAYA
1621,021529,0215,TUGUEGARAO CITY (Capital)
1622,097330,0973,TUKURAN
1623,0124714,01247,TULUNAN
1624,023137,0231,TUMAUINI
1625,083750,0837,TUNGA
1626,098316,0983,TUNGAWAN
1627,0126317,01263,TUPI
1628,0157008,01570,TURTLE ISLANDS
1629,041034,0410,TUY
1630,071246,0712,UBAY
1631,015544,0155,UMINGAN
1632,0150711,01507,UNGKAYA PUKAN
1633,045649,0456,UNISAN
1634,0153815,01538,UPI
1635,015545,0155,URBIZTONDO
1636,054121,0541,USON
1637,020906,0209,UYUGAN
1638,060618,0606,VALDERRAMA
1639,071247,0712,VALENCIA
1640,0184623,01846,VALENCIA (LUZURRIAGA)
1641,0184530,01845,VALLADOLID
1642,0184624,01846,VALLEHERMOSO
1643,0160313,01603,VERUELA
1644,036917,0369,VICTORIA
1645,043430,0434,VICTORIA
1646,084823,0848,VICTORIA
1647,0175215,01752,VICTORIA
1649,052010,0520,VIGA
1650,083751,0837,VILLABA
1651,0104326,01043,VILLANUEVA
1652,086021,0860,VILLAREAL
1653,015547,0155,VILLASIS
1654,025014,0250,VILLAVERDE
1655,0140127,01401,VILLAVICIOSA
1656,097341,0973,VINCENZO A. SAGUN
1657,012823,0128,VINTAR
1658,051612,0516,VINZONS
1659,052011,0520,VIRAC (Capital)
1660,0153630,01536,WAO
1661,097332,0973,ZAMBOANGA CITY
1663,0184625,01846,ZAMBOANGUITA
1664,034932,0349,ZARAGOZA
1665,063047,0630,ZARRAGA
1666,086023,0860,ZUMARRAGA
